Model,Type,Accuracy,Macro_F1,AUC_Macro,G_Mean,F1_Weighted,MAE
OrdinalRandomForest,Ordinal,1.0,1.0,1.0,1.0,1.0,0.0
OrdinalGradientBoosting,Ordinal,0.999943,0.999581,1.0,0.999961,0.999943,5.7e-05
RandomForest,Baseline,0.999943,0.999577,1.0,0.999194,0.999943,5.7e-05
XGBoost,Baseline,0.999943,0.999581,0.999994,0.999961,0.999943,5.7e-05
MLP,Baseline,0.996703,0.990214,0.99997,0.98363,0.996685,0.003297
SVM,Baseline,0.976468,0.891197,0.999945,0.812569,0.975118,0.023532
ProportionalOdds_LogisticIT,Ordinal,0.970159,0.886793,0.999841,0.808726,0.968857,0.029841
LogisticRegression,Baseline,0.962713,0.796438,0.998586,0.65092,0.958532,0.037287
